Studio	Not Ready	10.2040816327	#fbb755
Studio	Ready	5.95238095238	#6eda55
1 BR	Not Ready	111.394557823	#fbb755
1 BR	Ready	79.9319727891	#6eda55
2 BR	Not Ready	119.897959184	#fbb755
2 BR	Ready	102.040816327	#6eda55
3 BR	Not Ready	15.306122449	#fbb755
3 BR	Ready	17.0068027211	#6eda55
4+ BR	Not Ready	5.10204081633	#fbb755
4+ BR	Ready	1.70068027211	#6eda55