Rented	Percentage	36.7488763599
Unrented	Percentage	63.2163433961