Rented	Percentage	43.5766234186
Unrented	Percentage	56.3885963375