Vacant	Percentage	6.14338080335
Occ-NTV	Percentage	8.67394439851
Occ-No NTV	Percentage	83.6040916062
Others	Percentage	1.51197195937