Not Ready	Percentage	55.7519765651
Ready	Percentage	44.2132431909