2016.0	Total Insurance and Bonds	8.50340136054	#aab9c1
2016.0	Total Management Fees	14.9659863946	#60C2BB
2016.0	Total Other Property Expenses	2.38095238095	#7f8ba2
2016.0	Total Property Taxes	57.8231292517	#6E798D
2016.0	Total Utility Costs	16.6666666667	#ff8255