A4ap	Rented	0	N/A
A4ap	Unrented	100.387596899	#218a8c
B1ap	Rented	100.387596899	#00cee6
B1ap	Unrented	0	N/A
B2ap	Rented	50.3875968992	#00cee6
B2ap	Unrented	50.0	#218a8c
C1ap	Rented	0	N/A
C1ap	Unrented	100.387596899	#218a8c