A4ap	Total Vacancy Cost	69.7674418605	#218a8c
A4ap	Avg Days  Vacant	139.534883721	#fc7570
B1ap	Total Vacancy Cost	69.7674418605	#218a8c
B1ap	Avg Days  Vacant	139.534883721	#fc7570
B2ap	Total Vacancy Cost	5255.81395349	#218a8c
B2ap	Avg Days  Vacant	4906.97674419	#fc7570
C1ap	Total Vacancy Cost	325.581395349	#218a8c
C1ap	Avg Days  Vacant	534.88372093	#fc7570