Above Market	Percentage	4.15394401469
00-50	Percentage	11.2363389823
050-100	Percentage	14.1488744409
100-150	Percentage	12.4777475384
150-200	Percentage	12.4936630327
200+ Below	Percentage	45.3909897698