N\A	Loss To  Lease	32.3741007194	#9b9bd7
N\A	Lease Rent	866.90647482	#218a8c