Rented	Percentage	38.2608483193
Unrented	Percentage	61.7043714367