Not Ready	Percentage	65.1262027132
Ready	Percentage	34.8390170428