N\A	Conflicting	0.0	#218A8C
N\A	Admin/Down	2.66272189349	#000000
N\A	Vacant	6.21301775148	#fc7570
N\A	Occ-NTV	6.50887573964	#9b9bd7
N\A	Occ-No NTV	84.9112426036	#6eda55