Rented	Percentage	34.2978902363
Unrented	Percentage	65.6673295197