Oct 2016	Budget Variance $	1637.20930233	#6eda55
Oct 2016	Budget Variance %	8.40183702791