≤3	Avg Loss To  Lease	-0.124183006536	#9b9bd7
≤3	Avg Actual Rent PSF	1.41830065359	#218a8c
03-06	Avg Loss To  Lease	0.0	#9b9bd7
03-06	Avg Actual Rent PSF	1.15032679739	#218a8c
06-09	Avg Loss To  Lease	0.0261437908497	#9b9bd7
06-09	Avg Actual Rent PSF	1.13725490196	#218a8c
09-12	Avg Loss To  Lease	0.0588235294118	#9b9bd7
09-12	Avg Actual Rent PSF	1.06535947712	#218a8c
12+	Avg Loss To  Lease	0.117647058824	#9b9bd7
12+	Avg Actual Rent PSF	1.12418300654	#218a8c