N\A	Avg Loss To  Lease	0.0753546099291	#9b9bd7
N\A	Avg Actual  Rent PSF	1.0859929078	#218a8c