Oct 2016	Budget Variance $	3640.31007752	#6eda55
Oct 2016	Budget Variance %	2.10915674592