Ansley Place - 1536	Actual	37.9761904762	#00cee6
Ansley Place - 1536	Budget	27.7380952381	#9b9bd7
Oaks at Greenview, The - 1535	Actual	62.7380952381	#00cee6
Oaks at Greenview, The - 1535	Budget	27.9761904762	#9b9bd7