N\A	Avg Loss to Lease	66.4893617021	#9b9bd7
N\A	Avg Actual Rent	970.744680851	#218a8c