Above Market	Percentage	26.9608473598
00-50	Percentage	27.2473262573
050-100	Percentage	18.6052128474
100-150	Percentage	12.4140855612
200+ Below	Percentage	6.90732453019
Others	Percentage	7.76676122288