≤3	Avg Loss To  Lease	-0.120098039216	#9b9bd7
≤3	Avg Actual Rent PSF	1.2410130719	#218a8c
03-06	Avg Loss To  Lease	0.00571895424837	#9b9bd7
03-06	Avg Actual Rent PSF	1.03513071895	#218a8c
06-09	Avg Loss To  Lease	0.0343137254902	#9b9bd7
06-09	Avg Actual Rent PSF	1.00081699346	#218a8c
09-12	Avg Loss To  Lease	0.0457516339869	#9b9bd7
09-12	Avg Actual Rent PSF	1.00653594771	#218a8c
12+	Avg Loss To  Lease	0.108660130719	#9b9bd7
12+	Avg Actual Rent PSF	1.01225490196	#218a8c