Studio	Avg Loss To  Lease	0.0780141843972	#9b9bd7
Studio	Avg Actual  Rent PSF	1.41843971631	#218a8c
1 BR	Avg Loss To  Lease	0.0354609929078	#9b9bd7
1 BR	Avg Actual  Rent PSF	1.12765957447	#218a8c
2 BR	Avg Loss To  Lease	0.0567375886525	#9b9bd7
2 BR	Avg Actual  Rent PSF	0.964539007092	#218a8c
3 BR	Avg Loss To  Lease	0.0851063829787	#9b9bd7
3 BR	Avg Actual  Rent PSF	0.914893617021	#218a8c
4+ BR	Avg Loss To  Lease	0.0992907801418	#9b9bd7
4+ BR	Avg Actual  Rent PSF	0.886524822695	#218a8c